drug_code,code_status,약품명,opening_qty,in_qty,used_qty,disposal_qty,return_qty,current_qty
SGBRONNC10,CODE,가바로닌캡슐100mg,1158,0,0,0,0,1158
SGBRONNC30,CODE,가바로닌캡슐300mg,777,0,0,0,0,777
GBRT100,CODE,가바론틴캡슐100mg,0,0,0,0,0,0
GBRT300,CODE,가바론틴캡슐300mg,0,0,0,0,0,0
GVSMT5,CODE,가브스메트정50/500mg,0,0,0,0,0,0
GVSMT,CODE,가브스메트정50/850mg,0,0,0,0,0,0
GVS50,CODE,가브스정50mg,0,0,0,0,0,0
GBTR100,CODE,가비스타캡슐100mg,0,0,0,0,0,0
GASPRID,CODE,가스프리드정,0,0,0,0,0,0
GDS25,CODE,거드액,0,0,0,0,0,0
KSPT100,CODE,건스펜틴캡슐100mg,0,0,0,0,0,0
KSPT300,CODE,건스펜틴캡슐300mg,0,0,0,0,0,0
KPR10,CODE,건프람정10mg,0,0,0,0,0,0
GRD2,CODE,게리드정2mg,286.5,0,0,0,0,286.5
GRDT4,CODE,게리드정4mg,1383,0,0,0,0,1383
GFSM,CODE,겔포스엠현탁액,0,0,0,0,0,0
GODEXCP,CODE,고덱스캡슐,683,0,0,0,0,683
KOREAEUNDAN,CODE,고려은단비타민씨정,2329,0,0,0,0,2329
GOCALD,CODE,고칼디정,525,0,0,0,0,525
SPRDT,CODE,구주스피로닥톤정,1777,0,0,0,0,1777
GRPR1000,CODE,그랑페롤연질캡슐1000아이유,42,0,0,0,0,42
GLZID80,CODE,그리자이드정,0,0,0,0,0,0
GLCN5,CODE,글루코닐정500mg,0,0,0,0,0,0
GLUDT1000,CODE,글루코다운정1000mg,840,0,0,0,0,840
GLUDT250,CODE,글루코다운정250mg,1687,0,0,0,0,1687
GLUDT500,CODE,글루코다운정500mg,1471,0,0,0,0,1471
GLCB10,CODE,글루코바이정100mg,0,0,0,0,0,0
SGLP1000,CODE,글루파정1000mg,0,0,0,0,0,0
GLATAMSYR,CODE,글리아타민시럽,0,0,0,0,0,0
NAXEN-F,CODE,낙센에프서방정1000mg,631.5,0,0,0,0,631.5
NXZ,CODE,낙소졸정500/20mg,1602,0,0,0,0,1602
NEBAMINE,CODE,네바민정100mg,0,0,0,0,0,0
NBLT,CODE,네비레트정,0,0,0,0,0,0
NBCT,CODE,네비칸정,240.5,0,0,0,0,240.5
NESTYKAL,CODE,네스티칼현탁액/사용량저조반품,0,0,0,0,0,0
SNESINA12.5,CODE,네시나정12.5mg,236,0,0,0,0,236
NOCT10,CODE,네오셉트정10mg,3203,0,0,0,0,3203
NEOCT5,CODE,네오셉트정5mg,969.5,0,0,0,0,969.5
NEXIOM40,CODE,넥시오메정40mg,490,0,0,0,0,490
SNXU4,CODE,넥시움정40mg,0,0,0,0,0,0
NSFMTD2,CODE,넬슨파모티딘정20mg,0,0,0,0,0,0
NORMX,CODE,노르믹스정,36,0,0,0,0,36
NVT5160,CODE,노발탄정5/160mg,278,0,0,0,0,278
NVT580,CODE,노발탄정5/80mg,484,0,0,0,0,484
NOBSET20,CODE,노브세틴캡슐,904,0,0,0,0,904
NOIRM,CODE,노이로민정300mg,60,0,0,0,0,60
NTPMN,CODE,노통펜프러스미니정->비엘셋세미 변경,0,0,0,0,0,0
NOPC,CODE,노피드캡슐,281,0,0,0,0,281
NCMT200,CODE,누코미트캡슐200mg,3689,0,0,0,0,3689
SNRCT,CODE,뉴라세탐정,0,0,0,0,0,0
NLS30,CODE,뉴란소캡슐30mg,0,0,0,0,0,0
NRZP10,CODE,뉴로자핀정10mg,0,0,0,0,0,0
SNRZP5,CODE,뉴로자핀정5mg,60,0,0,0,0,60
NCYNT100,CODE,뉴신타서방정100mg ★,0,0,0,0,0,0
NCYNT50,CODE,뉴신타서방정50mg,30,0,0,0,0,30
NEUOXITAM,CODE,뉴옥시탐정,0,0,0,0,0,0
SNQU25,CODE,뉴큅정0.25mg,0,0,0,0,0,0
NTRFRTI,CODE,니트로푸란토인캡슐,0,0,0,0,0,0
DRTT,CODE,다라톤정50mg,0,0,0,0,0,0
DIABX25,CODE,다이아벡스정250mg,0,0,0,0,0,0
DIAVX5,CODE,다이아벡스정500mg,0,0,0,0,0,0
DICRZ,CODE,다이크로짇정,1213.5,0,0,0,0,1213.5
DFL10,CODE,답플로정10mg,0,0,0,0,0,0
DWASPI100,CODE,대웅바이오아스피린장용정100mg,1500,0,0,0,0,1500
ATRVST80,CODE,대웅바이오아토르바스타틴정80mg,177,0,0,0,0,177
FCCL250,CODE,대웅팜시클로비르정250mg,0,0,0,0,0,0
POGLTZ15,CODE,대웅피오글리타존정15mg,0,0,0,0,0,0
WRFR,CODE,대화와르파린나트륨정2mg,93,0,0,0,0,93
WRFRDH5,CODE,대화와르파린나트륨정5mg,0,0,0,0,0,0
SIBPRFNDW4,CODE,대화이부프로펜400mg,0,0,0,0,0,0
DSMN,CODE,데스민정0.2mg,65,0,0,0,0,65
DPS5,CODE,데파스정0.5mg,186.5,0,0,0,0,186.5
DPKTER25,CODE,"데파코트서방정250mg/폐기-유효기간,사용량저조",0,0,0,0,0,0
SDPKTER,CODE,"데파코트서방정500mg/폐기-유효기간,사용량저조",0,0,0,0,0,0
DXD4,CODE,덱시드정480mg,0,0,0,0,0,0
STRSM,CODE,도란사민캡슐,59,0,0,0,0,59
DOMP,CODE,돔필정,371,0,0,0,0,371
DKMTRKST10,CODE,동광몬테루카스트정10mg,0,0,0,0,0,0
AGNT25,CODE,동광알긴산나트륨액25mL,290,0,0,0,0,290
DKVDGLT50,CODE,동구빌다글립틴정50mg,169,0,0,0,0,169
SSPRX,CODE,동아슈프락스산,408,0,0,0,0,408
DTRP,CODE,동화디트로판정,301,0,0,0,0,301
DWALDP10,CODE,동화암로디핀베실산염정10mg,0,0,0,0,0,0
OFLOXACIN,CODE,동화오플록사신정100mg,209,0,0,0,0,209
DCLXS,CODE,둘코락스에스장용정,466,0,0,0,0,466
DPLA-ESS,CODE,듀락칸이지시럽15mL,262,0,0,0,0,262
DPHALEYS5,CODE,듀락칸이지시럽500mL,28120,0,0,0,0,28120
DLX30,CODE,듀로센캡슐30mg,440,0,0,0,0,440
DROXTIN60,CODE,듀로센캡슐60mg,288,0,0,0,0,288
SDRXTC3,CODE,드록틴캡슐30mg,0,0,0,0,0,0
DGX,CODE,디고신정,505,0,0,0,0,505
DMT10,CODE,디만틴정10mg,0,0,0,0,0,0
DMT5,CODE,디만틴정5mg,0,0,0,0,0,0
DSTCD6,CODE,디스토시드정,0,0,0,0,0,0
DIAMCMR,CODE,디아미크롱서방정30mg,909,0,0,0,0,909
DIMCRM,CODE,디아미크롱서방정60mg,0,0,0,0,0,0
,NOCODE,디아미크롱정80mg,0,0,0,0,0,0
DCMX,CODE,디카맥스1000,0,0,0,0,0,0
DCMAXD,CODE,디카맥스디정250mg,0,0,0,0,0,0
DPR20,CODE,디프렌캡슐20mg,0,0,0,0,0,0
DILA-SR,CODE,딜라트렌에스알정8mg,233,0,0,0,0,233
DLTRNSRC16,CODE,딜라트렌에스알캡슐16mg,0,0,0,0,0,0
LAGEVRIO,CODE,라게브리오캡슐,0,0,0,0,0,0
,NOCODE,라노펜세미정,0,0,0,0,0,0
,NOCODE,라노펜정_x000D_,0,0,0,0,0,0
LMNGSO,CODE,라미나지액/장비교체로3개월간생산중단-거드액변경,0,0,0,0,0,0
LMS125,CODE,라미실정125mg,0,0,0,0,0,0
SLMT10,CODE,라믹탈정100mg,139.75,0,0,0,0,139.75
,NOCODE,라믹탈정25mg,0,0,0,0,0,0
SRBPA10,CODE,라베피아정10mg,512,0,0,0,0,512
RBPA20,CODE,라베피아정20mg,168,0,0,0,0,168
RBD,CODE,라본디캡슐,0,0,0,0,0,0
LSX,CODE,라식스정40mg,953.5,0,0,0,0,953.5
,NOCODE,라코정200mg,0,0,0,0,0,0
RPZ10,CODE,라피졸정10mg,0,0,0,0,0,0
RPZ20,CODE,라피졸정20mg,0,0,0,0,0,0
LSTLFDT15,CODE,란스톤엘에프디티정15mg,519,0,0,0,0,519
LSRC30,CODE,란시라캡슐30mg,542,0,0,0,0,542
,NOCODE,란프라캡슐30mg,0,0,0,0,0,0
LEGAL,CODE,레가론캡슐140mg,646,0,0,0,0,646
,NOCODE,레나메진캡슐,0,0,0,0,0,0
,NOCODE,레날민정,0,0,0,0,0,0
REBMR,CODE,레바미론정,3033,0,0,0,0,3033
LVD60,CODE,레보딥정,1161,0,0,0,0,1161
SLVCC750,CODE,레보카신정750mg,100,0,0,0,0,100
SLVTSSR,CODE,레보투스시럽10mL,665,0,0,0,0,665
LEVOTIL,CODE,레보틸정,0,0,0,0,0,0
SLVFRC,CODE,레보푸라신정,373,0,0,0,0,373
LVEP1000,CODE,레비에필정1000mg,314,0,0,0,0,314
LVP500,CODE,레비에필정500mg,1589,0,0,0,0,1589
,NOCODE,레오다제정/생산중단,0,0,0,0,0,0
RPZ2,CODE,레피졸정2mg,422.5,0,0,0,0,422.5
,NOCODE,렉사스타정5mg,0,0,0,0,0,0
SREXPINT,CODE,렉시핀정,4280,0,0,0,0,4280
,NOCODE,렌벨라정,0,0,0,0,0,0
LEMPID,CODE,렘피드캡슐,1496,0,0,0,0,1496
,NOCODE,로나센정4mg,0,0,0,0,0,0
LNFT,CODE,로나펜정,786,0,0,0,0,786
SLNT,CODE,로닌정,0,0,0,0,0,0
,NOCODE,로멜라인장용정,0,0,0,0,0,0
RSDO10,CODE,로수듀오정10/10mg,349,0,0,0,0,349
ROSUDUO5,CODE,로수듀오정10/5mg,143,0,0,0,0,143
ROSM10,CODE,로수민정10mg,541,0,0,0,0,541
ROSM20,CODE,로수민정20mg,480,0,0,0,0,480
RSM5,CODE,로수민정5mg,600,0,0,0,0,600
RSMZ10,CODE,로수엠젯정10/10mg,0,0,0,0,0,0
RSMZ105,CODE,로수엠젯정10/5mg,0,0,0,0,0,0
,NOCODE,로스탈정100mg,0,0,0,0,0,0
,NOCODE,로이솔정,0,0,0,0,0,0
LOTINE20,CODE,로틴캡슐20mg,0,0,0,0,0,0
,NOCODE,로프민캅셀2mg,0,0,0,0,0,0
,NOCODE,록스펜정,0,0,0,0,0,0
LRJTDO500,CODE,리라젠타듀오정2.5/500mg,132,0,0,0,0,132
LRJT5,CODE,리라젠타정5mg,448,0,0,0,0,448
,NOCODE,리마리프정166.67mg,0,0,0,0,0,0
LVLO,CODE,리바로정2mg,3,0,0,0,0,3
RIVARM15,CODE,리바록엠정15mg,342,0,0,0,0,342
RIVARM20,CODE,리바록엠정20mg,140,0,0,0,0,140
RVM15,CODE,리바마인캡슐1.5mg,93,0,0,0,0,93
LVTGR,CODE,리박트과립,180,0,0,0,0,180
RVTRL,CODE,리보트릴정0.5mg,703.5,0,0,0,0,703.5
,NOCODE,리비알정,0,0,0,0,0,0
RSB35,CODE,리세본정35mg,0,0,0,0,0,0
RSPL,CODE,리센플러스정,0,0,0,0,0,0
RISELTON1.5,CODE,리셀톤캡슐1.5mg,0,0,0,0,0,0
RISELTON,CODE,리셀톤캡슐3mg,357,0,0,0,0,357
,NOCODE,리셀톤캡슐4.5mg,0,0,0,0,0,0
SRSP0.5,CODE,리스펜정0.5mg,0,0,0,0,0,0
PRRC75,CODE,리카스타캡슐75mg,0,0,0,0,0,0
,NOCODE,리큅정0.25mg,0,0,0,0,0,0
,NOCODE,리큅정1mg,0,0,0,0,0,0
,NOCODE,리큅피디정2mg,0,0,0,0,0,0
RTMNSR2,CODE,리트모놈SR서방캡슐225mg,0,0,0,0,0,0
SRFPC15,CODE,리팜핀캅셀150mg,0,0,0,0,0,0
RIFDC150,CODE,리포덱스캅셀150mg,500,0,0,0,0,500
,NOCODE,리피논정80mg,0,0,0,0,0,0
,NOCODE,리피엔정10mg,0,0,0,0,0,0
,NOCODE,리피엔정20mg,0,0,0,0,0,0
,NOCODE,리피토정80mg,0,0,0,0,0,0
LXANAT3,CODE,릭시아나정30mg,97,0,0,0,0,97
SRLXIA12,CODE,릴렉시아정125mg,0,0,0,0,0,0
MGNS,CODE,마그네스정,729,0,0,0,0,729
MGM,CODE,마그밀정,8546,0,0,0,0,8546
MAGO5,CODE,마그오캡슐500mg,255,0,0,0,0,255
,NOCODE,마도파에취비에스캅셀,0,0,0,0,0,0
,NOCODE,마이암브톨제피정,0,0,0,0,0,0
MYPC,CODE,마이폴캡슐10mg,292,0,0,0,0,292
MPRT,CODE,마프론정,0,0,0,0,0,0
MXBFER,CODE,맥시부펜이알정300mg,3568,0,0,0,0,3568
MAXICLAN625,CODE,맥시크란정625mg,0,0,0,0,0,0
MPR,CODE,맥페란정,200,0,0,0,0,200
,NOCODE,멀타핀정15mg,0,0,0,0,0,0
,NOCODE,멀타핀정7.5mg,0,0,0,0,0,0
MULTAQ,CODE,멀택정400mg,62,0,0,0,0,62
MGTR,CODE,메가트리연질캡슐,173,0,0,0,0,173
SMGFMERT,CODE,메가폴민서방정500mg,0,0,0,0,0,0
,NOCODE,메게롤현탁액10ml,0,0,0,0,0,0
MEGESIA,CODE,메게시아현탁액,0,0,0,0,0,0
,NOCODE,메게이스에프현탁액5ml,0,0,0,0,0,0
MGTS,CODE,메게이트현탁액10mL,70,0,0,0,0,70
,NOCODE,메게프로현탁액,0,0,0,0,0,0
,NOCODE,메네스에스정/23.6.19입고,0,0,0,0,0,0
SMNCT4,CODE,메녹틸정40mg,88,0,0,0,0,88
MDLC,CODE,메디락디에스장용캅셀,0,0,0,0,0,0
SMDAVL,CODE,메디아벤엘정,200,0,0,0,0,200
MEDC625,CODE,메디크라정625mg,265.5,0,0,0,0,265.5
MMMSC,CODE,메모엠연질캡슐,938,0,0,0,0,938
MSTN6,CODE,메스티논정60mg,0,0,0,0,0,0
,NOCODE,메치론정4mg,0,0,0,0,0,0
MLMPR2,CODE,멜라엠서방정2mg,581,0,0,0,0,581
MLXC,CODE,멜록스캡슐,43,0,0,0,0,43
MYUNGDOPA25,CODE,명도파정25/100mg,160,0,0,0,0,160
GLCPRLAT,CODE,명문글리코피롤레이트정,1773,0,0,0,0,1773
NTRGLCR,CODE,명문니트로글리세린0.6mg설하정,1280.5,0,0,0,0,1280.5
CODEINE,CODE,명문인산코데인정 ★,0,0,0,0,0,0
,NOCODE,명문제약티로프라미드염산염정/비엘티로미변경,0,0,0,0,0,0
,NOCODE,명인벤즈트로핀 1mg-환인제약으로변경,0,0,0,0,0,0
BSPR10,CODE,명인부스피론염산염정10mg,633.5,0,0,0,0,633.5
SAMTRPTL,CODE,명인아미트리프틸린염산염정10mg,1306,0,0,0,0,1306
,NOCODE,명인엔타카폰정200mg,0,0,0,0,0,0
CLRMZ50,CODE,명인클로르프로마진염산염정50mg,2811.25,0,0,0,0,2811.25
SMNTRZDHL25,CODE,명인트라조돈염산염정25mg,2031,0,0,0,0,2031
SMITRZDT5,CODE,명인트라조돈염산염정50mg,1495,0,0,0,0,1495
MNPRPNZ4,CODE,명인페르페나진정4mg,918,0,0,0,0,918
,NOCODE,모누롤산,0,0,0,0,0,0
MVZL2,CODE,모비졸로정2mg,1054,0,0,0,0,1054
SMOSAPIT5,CODE,모사피트정5mg,5304,0,0,0,0,5304
,NOCODE,모사핀정,0,0,0,0,0,0
MONTELOS10,CODE,몬테로스정10mg,100,0,0,0,0,100
,NOCODE,몬테루칸정10mg,0,0,0,0,0,0
SMST4,CODE,몰시톤정4mg,300,0,0,0,0,300
SMCR10,CODE,무코란정,0,0,0,0,0,0
SMCS,CODE,뮤코졸정,0,0,0,0,0,0
,NOCODE,뮤테인캡슐200g,0,0,0,0,0,0
,NOCODE,뮤테인캡슐200g,0,0,0,0,0,0
SMINOCC5,CODE,미노씬캡슐50mg,125,0,0,0,0,125
,NOCODE,미니린멜트설하정60mcg,0,0,0,0,0,0
MDR,CODE,미드론정,793,0,0,0,0,793
MIRAP,CODE,미라프정0.25mg,0,0,0,0,0,0
MIRAP0.5,CODE,미라프정0.5mg,0,0,0,0,0,0
MIRTA15,CODE,밀타정15mg,668,0,0,0,0,668
MIRTA7.5,CODE,밀타정7.5mg,342.5,0,0,0,0,342.5
BNN10,CODE,바난정,175,0,0,0,0,175
BARACT0.5,CODE,바라크루드정0.5mg,66,0,0,0,0,66
VLT3,CODE,바렙톨서방정,5674,0,0,0,0,5674
,NOCODE,바로메졸캡슐20mg,0,0,0,0,0,0
,NOCODE,바로스크정10mg,0,0,0,0,0,0
,NOCODE,바로스크정5mg,0,0,0,0,0,0
BRP10,CODE,바로판10mg,0,0,0,0,0,0
VSTNMR,CODE,바스티난엠알서방정35mg,220,0,0,0,0,220
VSTN,CODE,바스티난정,0,0,0,0,0,0
BACILLI,CODE,바실리포미스캡슐,6096,0,0,0,0,6096
SBCLP1,CODE,바크라폰정10mg,4389,0,0,0,0,4389
VANCOZIN,CODE,반코진캡슐125mg,121,0,0,0,0,121
VCZC,CODE,반코진캡슐250mg,280,0,0,0,0,280
VTFCT160,CODE,발탄필름코팅정/160mg,0,0,0,0,0,0
SVATNFMCT8,CODE,발탄필름코팅정80mg,0,0,0,0,0,0
VNRNC3,CODE,베노론캡슐,0,0,0,0,0,0
VNT5,CODE,베니톨정500mg,172,0,0,0,0,172
,NOCODE,베시솔정10mg,0,0,0,0,0,0
,NOCODE,베시솔정5mg,0,0,0,0,0,0
,NOCODE,베아릴엠정2/500mg,0,0,0,0,0,0
,NOCODE,베아릴정2mg,0,0,0,0,0,0
,NOCODE,베아신정250mg,0,0,0,0,0,0
BACXB2,CODE,베아콕시브캡슐200mg,0,0,0,0,0,0
BTGR50,CODE,베타그론서방정50mg,1167,0,0,0,0,1167
,NOCODE,베타미가서방정50mg,0,0,0,0,0,0
BTUR50,CODE,베타유론서방정50mg,0,0,0,0,0,0
BPS10,CODE,베포쎈정10mg,0,0,0,0,0,0
BNL-A,CODE,보나링에이정,504,0,0,0,0,504
,NOCODE,보니엠정150mg,0,0,0,0,0,0
MEIAT,CODE,보령메이액트정100mg,689,0,0,0,0,689
ASTRXBYC1,CODE,보령아스트릭스캡슐100mg,1377,0,0,0,0,1377
EBSTBR,CODE,보령에바스텔정,0,0,0,0,0,0
BONA70,CODE,본에이드정70mg,0,0,0,0,0,0
,NOCODE,본틸정150mg,0,0,0,0,0,0
,NOCODE,본틸정35mg,0,0,0,0,0,0
MTMZLBK,CODE,부광메티마졸정5mg,0,0,0,0,0,0
AZEPT,CODE,부광아젭틴정,200,0,0,0,0,200
BKETCVIRT,CODE,부광엔테카비르정0.5mg,0,0,0,0,0,0
,NOCODE,부광엔테카비르정1mg,0,0,0,0,0,0
ISMRTD,CODE,부광이소맥지속성캡슐20mg,0,0,0,0,0,0
BRNJ,CODE,브로나제장용정,424,0,0,0,0,424
BRM45,CODE,브로멜장용정45mg,0,0,0,0,0,0
BRTLX1,CODE,브린텔릭스정10mg,56,0,0,0,0,56
BRLT9,CODE,브릴린타정90mg,88,0,0,0,0,88
VNCLEAN,CODE,비나크린정,0,0,0,0,0,0
VRAD,CODE,비리어드정,0,0,0,0,0,0
VVZCL75,CODE,비보존클로피도그렐정75mg,0,0,0,0,0,0
,NOCODE,비엘바클로정10mg,0,0,0,0,0,0
,NOCODE,비엘셋세미정,0,0,0,0,0,0
,NOCODE,비엘셋정/라노펜정대체,0,0,0,0,0,0
,NOCODE,비엘아세틸캡슐/뮤테인캡슐대체,0,0,0,0,0,0
,NOCODE,비엘티로미정100mg,0,0,0,0,0,0
BOFP,CODE,비오플250산,2669,0,0,0,0,2669
VTMJ,CODE,비타메진캡슐50mg,500,0,0,0,0,500
,NOCODE,빅손정2mg,0,0,0,0,0,0
VDMT50,CODE,빌다메트정50/1000mg,60,0,0,0,0,60
VDMT500,CODE,빌다메트정50/500mg,354,0,0,0,0,354
VSK100,CODE,빔스크정100mg,591,0,0,0,0,591
B-C,CODE,삐콤정,3852,0,0,0,0,3852
SEMION,CODE,사미온정10mg,1191,0,0,0,0,1191
SSMO3,CODE,사미온정30mg,146,0,0,0,0,146
SSLLNR3,CODE,사일레노정3mg,61,0,0,0,0,61
,NOCODE,살라겐정,0,0,0,0,0,0
LPRMD,CODE,삼남로페라마이드캡슐,486,0,0,0,0,486
AMNP5,CODE,삼남아세트아미노펜정500mg,2334,0,0,0,0,2334
,NOCODE,삼성라베프라졸정10mg,0,0,0,0,0,0
,NOCODE,삼성라베프라졸정20mg,0,0,0,0,0,0
SAMSCA15,CODE,삼스카정15mg,0,0,0,0,0,0
,NOCODE,삼아아토크정,0,0,0,0,0,0
KTTF,CODE,삼아케토티펜정,0,0,0,0,0,0
,NOCODE,삼진니모디핀정30mg,0,0,0,0,0,0
DAZP2,CODE,삼진디아제팜정2mg,264,0,0,0,0,264
,NOCODE,삼진히드랄라진염산염,0,0,0,0,0,0
SMGNSOX,CODE,삼천당산화마그네슘정250mg,1100,0,0,0,0,1100
CCDPRT2,CODE,서카딘서방정2mg,0,0,0,0,0,0
,NOCODE,세록심정250mg,0,0,0,0,0,0
SVKHT5/20,CODE,세비카에이치씨티정5/20/12.5mg,718,0,0,0,0,718
SETORAM5,CODE,세토람정,0,0,0,0,0,0
CFL250,CODE,세플러캡슐,57,0,0,0,0,57
SSV10,CODE,센시발정10mg,0,0,0,0,0,0
,NOCODE,센시발정25mg,0,0,0,0,0,0
SENTIL5,CODE,센틸정5mg,96,0,0,0,0,96
CELION1,CODE,셀리온정10mg,1355,0,0,0,0,1355
,NOCODE,셀리온정10mg/포장단위변경,0,0,0,0,0,0
CELMT4,CODE,셀메텍정40mg,360,0,0,0,0,360
SELBEXC5,CODE,셀벡스캡슐,1061,0,0,0,0,1061
CKRT,CODE,셀코르정4mg,0,0,0,0,0,0
COMPZ,CODE,셀트리온오메프라졸캡슐20mg,280,0,0,0,0,280
SEPTR,CODE,셉트린정,581,0,0,0,0,581
SLD,CODE,소론도정,2336,0,0,0,0,2336
SMZNA,CODE,소마지나정500mg,230,0,0,0,0,230
,NOCODE,속시나제삼중정,0,0,0,0,0,0
,NOCODE,속시틴정,0,0,0,0,0,0
SLNC10,CODE,솔리나신정10mg,96,0,0,0,0,96
SLNC5,CODE,솔리나신정5mg,475,0,0,0,0,475
SSOFTEN,CODE,솝튼정,2297.5,0,0,0,0,2297.5
SMTR50,CODE,수마트란정50mg,15,0,0,0,0,15
PSDFD,CODE,슈다페드정60mg,1461.5,0,0,0,0,1461.5
,NOCODE,스타레탐정1000mg,0,0,0,0,0,0
,NOCODE,스타레탐정500mg,0,0,0,0,0,0
STAVIC,CODE,스타빅현탁액20mL,91,0,0,0,0,91
,NOCODE,스토마정,0,0,0,0,0,0
STOM,CODE,스토엠정,550,0,0,0,0,550
STRMT3,CODE,스트로멕톨정3mg,0,0,0,0,0,0
SPT4,CODE,스피틴정40mg,0,0,0,0,0,0
SGMT5,CODE,시그마트정5mg,1618,0,0,0,0,1618
SSMCP,CODE,시메코판연질캡슐,0,0,0,0,0,0
SALP10,CODE,시암로핀정10mg,507,0,0,0,0,507
SIAM,CODE,시암로핀정5mg,1395,0,0,0,0,1395
,NOCODE,시클러캡슐250mg,0,0,0,0,0,0
CPLC250,CODE,시플록신정250mg,1623,0,0,0,0,1623
SSBRO,CODE,신바로정,707,0,0,0,0,707
BRHX,CODE,신일브롬헥신염산염정,11619,0,0,0,0,11619
,NOCODE,신일엠정,0,0,0,0,0,0
,NOCODE,신일이부프로펜정400mg,0,0,0,0,0,0
LTAMHL1,CODE,신일티아민염산염정10mg,1529,0,0,0,0,1529
FLACD,CODE,신일폴산정,1593,0,0,0,0,1593
,NOCODE,신일피리독신정,0,0,0,0,0,0
,NOCODE,신텍클로페낙정100mg,0,0,0,0,0,0
,NOCODE,신풍플루캡슐75mg->타미플루,0,0,0,0,0,0
,NOCODE,실로엘서방캡슐100mg,0,0,0,0,0,0
CLT100,CODE,실로탄정100mg,557,0,0,0,0,557
CLTSR100,CODE,실로탈서방캡슐100mg,0,0,0,0,0,0
SSC,CODE,실콘정625mg,0,0,0,0,0,0
,NOCODE,심바스틴정20mg,0,0,0,0,0,0
SSVC2,CODE,심바코정20mg,0,0,0,0,0,0
,NOCODE,써스펜8시간이알서방정650mg,0,0,0,0,0,0
CLMC100,CODE,쎄레민캡슐100mg,0,0,0,0,0,0
,NOCODE,쎄레브렉스캡슐100mg,0,0,0,0,0,0
,NOCODE,쎄레브렉스캡슐100mg/코드변경,0,0,0,0,0,0
,NOCODE,쎄로티핀정25mg,0,0,0,0,0,0
CIRT160,CODE,씨르탄정160mg,417,0,0,0,0,417
CIRT80,CODE,씨르탄정80mg,333.5,0,0,0,0,333.5
CRTMP125,CODE,씨르텔미플러스정40/12.5mg,30,0,0,0,0,30
CMGMLXC75,CODE,씨엠지멜록시캄캡슐7.5mg,0,0,0,0,0,0
CMFN5,CODE,씨엠피나정5mg,0,0,0,0,0,0
,NOCODE,씨제이크레메진세립2g,0,0,0,0,0,0
,NOCODE,씨투스정50mg,0,0,0,0,0,0
CTLX100,CODE,씨트렉스캡슐100mg,236,0,0,0,0,236
CTLX200,CODE,씨트렉스캡슐200mg,824,0,0,0,0,824
CTRC150,CODE,씨트리카캡슐150mg,461,0,0,0,0,461
CTRC75,CODE,씨트리카캡슐75mg,694,0,0,0,0,694
CP5,CODE,씨펜정,836,0,0,0,0,836
SSYNROD25,CODE,씬지로이드정0.025mg,0,0,0,0,0,0
SYNRID15,CODE,씬지로이드정0.15mg,891,0,0,0,0,891
SYNSRID,CODE,씬지로이드정0.1mg,936.75,0,0,0,0,936.75
STRX125,CODE,씬지록신정125μg,230,0,0,0,0,230
STRX25,CODE,씬지록신정25μg,745,0,0,0,0,745
SSYNYRXN8,CODE,씬지록신정88μg,580,0,0,0,0,580
,NOCODE,아가메이트현탁액,0,0,0,0,0,0
ARGOTIN,CODE,아고틴정25mg,56,0,0,0,0,56
AGIO,CODE,아기오과립6g,222,0,0,0,0,222
ANDSC05,CODE,아나딘연질캡슐0.5mg,203,0,0,0,0,203
ANRX,CODE,아노렉스캡슐25mg,612,0,0,0,0,612
ADLT,CODE,아달라트오로스정30mg,2751.5,0,0,0,0,2751.5
ADPM1,CODE,아디팜정,1900,0,0,0,0,1900
ARAVA2,CODE,아라바정20g,0,0,0,0,0,0
ARNAM,CODE,아로나민골드정,0,0,0,0,0,0
ARNMCARE,CODE,아로나민케어싸이정,283,0,0,0,0,283
SARBST,CODE,아로베스트정,0,0,0,0,0,0
,NOCODE,아록솔정,0,0,0,0,0,0
,NOCODE,아리피졸정2mg,0,0,0,0,0,0
AMRAM500,CODE,아마리아엠정2/500mg,0,0,0,0,0,0
AMRT2,CODE,아마리아정,0,0,0,0,0,0
AMR4,CODE,아마릴정4mg,0,0,0,0,0,0
AMDP,CODE,아모디핀정5mg,0,0,0,0,0,0
,NOCODE,아목클정625mg,0,0,0,0,0,0
AVLX,CODE,아벨록스정400mg,0,0,0,0,0,0
AVDT,CODE,아보다트연질캅셀,0,0,0,0,0,0
,NOCODE,아서틸아르기닌정10mg,0,0,0,0,0,0
ACERANO,CODE,아세라노세미정,0,0,0,0,0,0
,NOCODE,아세브로캡슐100mg,0,0,0,0,0,0
,NOCODE,아세티론정100mg,0,0,0,0,0,0
ACTC,CODE,아세틸캡슐,0,0,0,0,0,0
ACELEX2,CODE,아셀렉스정2mg,0,0,0,0,0,0
ACYCLIZ,CODE,아시클리즈정,0,0,0,0,0,0
IRCD5,CODE,아이알코돈정5mg ★,67,0,0,0,0,67
AJTT,CODE,아제타정,235,0,0,0,0,235
,NOCODE,아젤라정1mg/부광아젭팁으로변경,0,0,0,0,0,0
,NOCODE,아젤블럭정16mg,0,0,0,0,0,0
,NOCODE,아질렉트정1mg,0,0,0,0,0,0
SACFN,CODE,아클펜정100mg,-305,0,0,0,0,-305
ATRX10,CODE,아토릭스정10mg,2712,0,0,0,0,2712
ATRX20,CODE,아토릭스정20mg,152,0,0,0,0,152
ATS40,CODE,아토산정40mg,458,0,0,0,0,458
ATS10,CODE,아토센정10mg,0,0,0,0,0,0
ATS20,CODE,아토센정20mg,0,0,0,0,0,0
ATLC,CODE,아트놀셋정,0,0,0,0,0,0
,NOCODE,아트렌캡슐50mg,0,0,0,0,0,0
ATV,CODE,아티반정1mg,194,0,0,0,0,194
AGTT25,CODE,알기텍트액25mL,200,0,0,0,0,200
,NOCODE,알도스텐캡슐300mg,0,0,0,0,0,0
,NOCODE,알드렌정70mg,0,0,0,0,0,0
ADRSU,CODE,알드린1g,406,0,0,0,0,406
ALEN70,CODE,알레네정70mg,18,0,0,0,0,18
ALLK,CODE,알레락정5mg,0,0,0,0,0,0
ARVT,CODE,알레버트정20/40mg,0,0,0,0,0,0
SALDRO7,CODE,알렌드로정70mg,0,0,0,0,0,0
SALMARL1,CODE,알말정10mg,318,0,0,0,0,318
SAMR5,CODE,알말정5mg,0,0,0,0,0,0
,NOCODE,알츠코린시럽10ml,0,0,0,0,0,0
,NOCODE,알코텔정500mg,0,0,0,0,0,0
ATS480,CODE,알티스정480mg,105,0,0,0,0,105
,NOCODE,알파칼연질캡슐,0,0,0,0,0,0
APR2,CODE,알프람정0.25mg,380,0,0,0,0,380
,NOCODE,알프람정0.5mg,0,0,0,0,0,0
ABRT30,CODE,암브렉트정,0,0,0,0,0,0
SANTLTRPL,CODE,애니탈정,2031,0,0,0,0,2031
,NOCODE,액시마정,0,0,0,0,0,0
ACPS,CODE,액토피스정,967,0,0,0,0,967
ACTPD,CODE,액티피드정,66,0,0,0,0,66
,NOCODE,에나폰정10mg,0,0,0,0,0,0
,NOCODE,에나폰정5mg,0,0,0,0,0,0
,NOCODE,에도날캡슐/알도스텐캡슐->에도날,0,0,0,0,0,0
,NOCODE,에란탄지속정60mg/엘탄정으로변경,0,0,0,0,0,0
,NOCODE,에리손정/에페리손엔티정대체,0,0,0,0,0,0
EVPR,CODE,에보프림연질캡슐,0,0,0,0,0,0
SESSON,CODE,에손정,0,0,0,0,0,0
,NOCODE,에스로핀정2.5mg,0,0,0,0,0,0
SLOPINE,CODE,에스로핀정2.5mg,1205,0,0,0,0,1205
ESCT5,CODE,에스시탐정5mg,0,0,0,0,0,0
SALM25,CODE,에스암로민정2.5mg,0,0,0,0,0,0
SOM40,CODE,에스오엠정40mg,0,0,0,0,0,0
ESTT,CODE,에스텔정,243,0,0,0,0,243
,NOCODE,에이자트씨알정25mg,0,0,0,0,0,0
,NOCODE,에제로수10/20mg,0,0,0,0,0,0
,NOCODE,에제로수정10/10mg,0,0,0,0,0,0
,NOCODE,에제로수정10/5mg,0,0,0,0,0,0
,NOCODE,에퀴피나필름코팅정50mg,0,0,0,0,0,0
EQM100,CODE,에큐민정100mg,2688,0,0,0,0,2688
EQUMIN25,CODE,에큐민정25mg,2138,0,0,0,0,2138
ETRV1,CODE,에트라빌10mg,0,0,0,0,0,0
EPRT,CODE,에페론정,2051,0,0,0,0,2051
,NOCODE,에페리손엔티정,0,0,0,0,0,0
SEPL20,CODE,에필람정,1508,0,0,0,0,1508
,NOCODE,에필렙톨씨알정200mg,0,0,0,0,0,0
,NOCODE,엑스핀탄정5/160mg,0,0,0,0,0,0
,NOCODE,엑스핀탄정5/80mg,0,0,0,0,0,0
,NOCODE,엔유린오디프스산0.2mg,0,0,0,0,0,0
ETL15,CODE,엔테론정150mg,693,0,0,0,0,693
ETRST50,CODE,엔트레스토필름코팅정50mg,95,0,0,0,0,95
,NOCODE,엔티시캄캡슐7.5mg,0,0,0,0,0,0
NPFG160,CODE,엔피포지정5/160mg,0,0,0,0,0,0
NPFG80,CODE,엔피포지정5/80mg,0,0,0,0,0,0
EDIC,CODE,엘다인캡슐,0,0,0,0,0,0
ELT20,CODE,엘로톤정20mg,1241,0,0,0,0,1241
SELQS2.5,CODE,엘리퀴스정2.5mg,0,0,0,0,0,0
ELQUS5,CODE,엘리퀴스정5mg,0,0,0,0,0,0
ELXB25,CODE,엘릭사반정2.5mg,1013,0,0,0,0,1013
ELXB5,CODE,엘릭사반정5mg,631,0,0,0,0,631
,NOCODE,엘칸액100,0,0,0,0,0,0
ETSR30,CODE,엘탄서방정30mg,97,0,0,0,0,97
ETSR60,CODE,엘탄서방정60mg,1910.5,0,0,0,0,1910.5
M-COB,CODE,엠코발500μg캡슐,1021,0,0,0,0,1021
EMPA10,CODE,엠파앙정10mg,429,0,0,0,0,429
EMPA25,CODE,엠파앙정25mg,98,0,0,0,0,98
SSASPNYG10,CODE,영진아스피린장용정100mg,383,0,0,0,0,383
SKLKRI50,CODE,영풍칼리크레인정50단위,100,0,0,0,0,100
ORFSR,CODE,오르필서방정300mg/23.6.20입고,0,0,0,0,0,0
ORFILSTR15,CODE,오르필시럽150ml,4131.1,0,0,0,0,4131.1
SOMARONSC,CODE,오마론연질캡슐,0,0,0,0,0,0
OMPR,CODE,오마프론정,284,0,0,0,0,284
OMDC,CODE,오메딘캡슐,0,0,0,0,0,0
AUSNE,CODE,오스네콜정,2939,0,0,0,0,2939
ASLT,CODE,오스렌정,0,0,0,0,0,0
AKDF,CODE,오코디핀정,0,0,0,0,0,0
,NOCODE,오페나딘서방정50mg,0,0,0,0,0,0
OPRZ,CODE,오프라졸캡슐,0,0,0,0,0,0
OGTS5,CODE,온젠티스캡슐50mg,0,0,0,0,0,0
,NOCODE,올라핀정10mg,0,0,0,0,0,0
,NOCODE,올라핀정5mg,0,0,0,0,0,0
OLOST5,CODE,올로스틴정5mg,300,0,0,0,0,300
OLMTP,CODE,올메텍플러스정20/12.5mg,0,0,0,0,0,0
OLMEC4,CODE,올멕정40mg,45.25,0,0,0,0,45.25
URS1,CODE,우루사정100mg,2704,0,0,0,0,2704
URS2,CODE,우루사정200mg,1558,0,0,0,0,1558
UTRCER,CODE,울트라셋이알서방정,0,0,0,0,0,0
WBTR3,CODE,웰부트린엑스엘정300mg,51,0,0,0,0,51
,NOCODE,유니콜린정/콜리날정/으로 변경,0,0,0,0,0,0
,NOCODE,유니펜틴캡슐300mg,0,0,0,0,0,0
URVX,CODE,유로박솜캡슐,626,0,0,0,0,626
SURCTRKSR,CODE,유로시트라케이10mEq서방정,98,0,0,0,0,98
URO-Q,CODE,유로큐서방정4mg,108,0,0,0,0,108
,NOCODE,유리텍정,0,0,0,0,0,0
,NOCODE,유리토스정0.1mg,0,0,0,0,0,0
URFN10,CODE,유리페나정10mg,0,0,0,0,0,0
URFN5,CODE,유리페나정5mg,0,0,0,0,0,0
YCLD25/8,CODE,유크리드정250/80mg,378,0,0,0,0,378
UTNC,CODE,유타날캡슐,1679,0,0,0,0,1679
UT16,CODE,유턴정16mg,788,0,0,0,0,788
UPVR,CODE,유피베린정,300,0,0,0,0,300
MDKDX,CODE,유한덱사메타손정0.5mg,516,0,0,0,0,516
SMTTRXTYH,CODE,유한메토트렉세이트정2.5mg,0,0,0,0,0,0
,NOCODE,유한메트포르민서방정500mg,0,0,0,0,0,0
YHMTFR85,CODE,유한메트포르민염산염정850mg,175,0,0,0,0,175
,NOCODE,유한짓정,0,0,0,0,0,0
,NOCODE,유한프레가발린서방정150mg,0,0,0,0,0,0
,NOCODE,이달비정80mg,0,0,0,0,0,0
ABRX,CODE,이든암브록솔염산염정,3286,0,0,0,0,3286
,NOCODE,이리보정5μg,0,0,0,0,0,0
IMT,CODE,이모튼캡슐300mg,0,0,0,0,0,0
IMMUTHERA5,CODE,이무테라정,0,0,0,0,0,0
IBDR150,CODE,이반드렌정150mg,4,0,0,0,0,4
IBR,CODE,이베라정150mg,0,0,0,0,0,0
SIRBETE15,CODE,이베텔정,231,0,0,0,0,231
ISOT,CODE,이소탄정,378,0,0,0,0,378
EZETROL1,CODE,이지트롤정,399,0,0,0,0,399
ICS300,CODE,이코사연질캡슐300mg,0,0,0,0,0,0
RSVSTT10,CODE,이텍스로수바스타틴칼슘정10mg,0,0,0,0,0,0
ETXRSV20,CODE,이텍스로수바스타틴칼슘정20mg,0,0,0,0,0,0
ETEX5,CODE,이텍스로수바스타틴칼슘정5mg,0,0,0,0,0,0
,NOCODE,이텍스아스피린장용정100mg,0,0,0,0,0,0
ITRA1,CODE,이트라정100mg,60,0,0,0,0,60
ITIMIN,CODE,이티민정80mg,1958,0,0,0,0,1958
IPRAM,CODE,이프람정10mg,1002,0,0,0,0,1002
IPRAM5,CODE,이프람정5mg,1071,0,0,0,0,1071
INDN1,CODE,인데놀정10mg,1014,0,0,0,0,1014
INDN4,CODE,인데놀정40mg,807,0,0,0,0,807
SIVGER3,CODE,인베가서방정3mg,26,0,0,0,0,26
ISDT,CODE,인사돌정,470,0,0,0,0,470
IDOULGUTC,CODE,일동울굿캡슐,0,0,0,0,0,0
DXUIS,CODE,일성독시움정,0,0,0,0,0,0
ISOP80,CODE,일성이솦틴정80mg,462,0,0,0,0,462
JUMT5/5,CODE,자누메트서방정50/500mg,0,0,0,0,0,0
JUVI,CODE,자누비아정100mg,0,0,0,0,0,0
JNST500,CODE,자누스틴메트정50/500mg,200,0,0,0,0,200
JANUST100,CODE,자누스틴정100mg,413.25,0,0,0,0,413.25
,NOCODE,자니딥정/24.02.16,0,0,0,0,0,0
ZNDP10,CODE,자니딥정10mg,497,0,0,0,0,497
SJARDIAN1,CODE,자디앙정10mg,0,0,0,0,0,0
JADT25,CODE,자디앙정25mg,0,0,0,0,0,0
XRT15,CODE,자렐토정15mg,0,0,0,0,0,0
XRT2,CODE,자렐토정20mg,0,0,0,0,0,0
ZYLR,CODE,자이로릭정,301,0,0,0,0,301
GNOCDSRT8,CODE,제뉴원칸데사르탄정8mg,120,0,0,0,0,120
ZEMIGLO,CODE,제미글로정50mg,211,0,0,0,0,211
JRHYDRO10,CODE,제이알히드로코르티손정10mg,0,0,0,0,0,0
ZOYLEX20,CODE,조이렉스정,0,0,0,0,0,0
,NOCODE,조피린장용정,0,0,0,0,0,0
ZOLM,CODE,졸민정0.125mg,575.75,0,0,0,0,575.75
ZPD,CODE,졸피드정10mg,227,0,0,0,0,227
,NOCODE,지스로맥스정250mg,0,0,0,0,0,0
GNXT80,CODE,진넥신정80mg,0,0,0,0,0,0
,NOCODE,진코멕신정120mg,0,0,0,0,0,0
THOSTHR,CODE,치오스타에이치알정600mg,0,0,0,0,0,0
KANARB,CODE,카나브정120mg,94,0,0,0,0,94
KNRB6,CODE,카나브정60mg,1609,0,0,0,0,1609
,NOCODE,카두라엑스엘서방정4mg,0,0,0,0,0,0
,NOCODE,카르디날정12.5mg,0,0,0,0,0,0
CRVT125,CODE,카르베타정12.5mg,150,0,0,0,0,150
CRVT25,CODE,카르베타정25mg,90,0,0,0,0,90
CVN1,CODE,카베날정12.5mg,0,0,0,0,0,0
CVN2,CODE,카베날정25mg,0,0,0,0,0,0
,NOCODE,카비드츄어블정,0,0,0,0,0,0
CAPRL,CODE,카프릴정25mg,93,0,0,0,0,93
CDRT16,CODE,칸데르탄정16mg,0,0,0,0,0,0
CDRT8,CODE,칸데르탄정8mg,0,0,0,0,0,0
CDAL16/10,CODE,칸데암로정16/10mg,0,0,0,0,0,0
,NOCODE,칸타칸정16mg,0,0,0,0,0,0
,NOCODE,칸타칸정8mg,0,0,0,0,0,0
,NOCODE,칼론정,0,0,0,0,0,0
CFO,CODE,칼페온정,718,0,0,0,0,718
,NOCODE,캘코트정6mg,0,0,0,0,0,0
KLOW,CODE,케이로우현탁액20mL,230,0,0,0,0,230
KMRM500,CODE,케이마릴엠정2/500mg,60,0,0,0,0,60
KMTSR,CODE,케이메트서방정,326,0,0,0,0,326
KBSTZ100,CODE,케이비스타졸서방캡슐100mg,216,0,0,0,0,216
SK-CAB,CODE,케이캡정50mg,1775,0,0,0,0,1775
K-CT,CODE,케이콘틴서방정,1228,0,0,0,0,1228
,NOCODE,케프라엑스알서방정500mg,0,0,0,0,0,0
,NOCODE,코니솔론정4mg-동일성분 메치론,0,0,0,0,0,0
CODR,CODE,코다론정,200,0,0,0,0,200
SCODNLSR2,CODE,코데날시럽,0,0,0,0,0,0
CDNSU,CODE,코데날액1000ml,3405,0,0,0,0,3405
CDNSU5,CODE,코데날액500ml,8000,0,0,0,0,8000
,NOCODE,코디오살탄정160/12.5mg,0,0,0,0,0,0
CFXXRER,CODE,코팩사엑스알서방캡슐37.5mg,270,0,0,0,0,270
CHNS,CODE,코포나시럽20mL,1250,0,0,0,0,1250
COUCHSY2,CODE,코푸시럽,0,0,0,0,0,0
COUGH,CODE,코푸정,2749,0,0,0,0,2749
,NOCODE,코푸진시럽 /코푸시럽으로변경,0,0,0,0,0,0
,NOCODE,코푸투스정,0,0,0,0,0,0
SCLN,CODE,콜리날연질캡슐,0,0,0,0,0,0
,NOCODE,콜리날정,0,0,0,0,0,0
CLAT10,CODE,콜리아틴시럽10mL,1258,0,0,0,0,1258
,NOCODE,콜린맥스연질캡슐400mg,0,0,0,0,0,0
CHLCRT,CODE,콜린세레이트정,1376,0,0,0,0,1376
CCH,CODE,콜킨정,182,0,0,0,0,182
SCOBLOC1,CODE,콩브럭정1.25mg,633.5,0,0,0,0,633.5
CONCR,CODE,콩코르정2.5mg,66.5,0,0,0,0,66.5
CONCOR5,CODE,콩코르정5mg,168,0,0,0,0,168
SQTAP100,CODE,쿠티아핀정100mg,0,0,0,0,0,0
QRAZC,CODE,큐라졸캅셀,300,0,0,0,0,300
QROKEL125,CODE,큐로켈정12.5mg,1152,0,0,0,0,1152
SQRKL25,CODE,큐로켈정25mg,0,0,0,0,0,0
Q-PAM100,CODE,큐팜액100mL,5385,0,0,0,0,5385
,NOCODE,큐팜액250ml,0,0,0,0,0,0
CLAMOXIN,CODE,크라목신듀오건조시럽50,0,0,0,0,0,0
,NOCODE,크라틴정10mg,0,0,0,0,0,0
,NOCODE,크라틴정20mg,0,0,0,0,0,0
,NOCODE,크라틴정5mg,0,0,0,0,0,0
CREON10000,CODE,크레온캡슐10000,455,0,0,0,0,455
CRO25,CODE,크레온캡슐25000/300mg,0,0,0,0,0,0
CLMC250,CODE,클래마신정250mg,173,0,0,0,0,173
,NOCODE,클로신정250mg,0,0,0,0,0,0
,NOCODE,클로자릴정25mg,0,0,0,0,0,0
,NOCODE,타겐에프연질캅셀,0,0,0,0,0,0
TNM80,CODE,타나민정80mg,0,0,0,0,0,0
TMRN,CODE,타미린서방정8mg,748,0,0,0,0,748
TMVR75,CODE,타미비어캡슐75mg,100,0,0,0,0,100
STCNE,CODE,타세놀8시간이알서방정,2333,0,0,0,0,2333
TSNVT,CODE,타스나비타정,454,0,0,0,0,454
TASNA5,CODE,타스나정500mg,1866,0,0,0,0,1866
,NOCODE,타진서방정10/5mg,0,0,0,0,0,0
,NOCODE,타진서방정20/10mg,0,0,0,0,0,0
STGPR,CODE,타진서방정5/2.5mg,34,0,0,0,0,34
,NOCODE,탐스렌서방캡슐0.2mg,0,0,0,0,0,0
,NOCODE,탐스론서방정0.2mg,0,0,0,0,0,0
TGCAL,CODE,태극탄산칼슘정,0,0,0,0,0,0
TMBCOR5,CODE,탬보코정,209,0,0,0,0,209
,NOCODE,테넬리아엠서방정10/500mg,0,0,0,0,0,0
STNLIA2,CODE,테넬리아정20mg,300,0,0,0,0,300
TNFV,CODE,테노포버정,60,0,0,0,0,60
,NOCODE,테라루신정2mg,0,0,0,0,0,0
TRST2,CODE,테레신정2mg,343,0,0,0,0,343
,NOCODE,텔미로탄정40mg/텔미정40 대체,0,0,0,0,0,0
TMR40,CODE,텔미린정40mg,628,0,0,0,0,628
TMR80,CODE,텔미린정80mg,311,0,0,0,0,311
,NOCODE,텔미정40mg,0,0,0,0,0,0
,NOCODE,텔미정80mg,0,0,0,0,0,0
,NOCODE,텔미칸플러스정40/12.5mg,0,0,0,0,0,0
TMCR40,CODE,텔미큐어정40mg,0,0,0,0,0,0
TMCR80,CODE,텔미큐어정80mg,0,0,0,0,0,0
TMCRP40,CODE,텔미큐어플러스정40/12.5mg,0,0,0,0,0,0
TRS5,CODE,토르신정5mg,476.5,0,0,0,0,476.5
,NOCODE,토비애즈서방정4mg,0,0,0,0,0,0
,NOCODE,토이드정50mg,0,0,0,0,0,0
TOPMAT1,CODE,토파메이트정100mg,1963.5,0,0,0,0,1963.5
STOPAMIN10,CODE,토파민정100mg,0,0,0,0,0,0
TPT100,CODE,토피탑정100mg,0,0,0,0,0,0
,NOCODE,튜비스정,0,0,0,0,0,0
TRL5,CODE,트라린정50mg,101.5,0,0,0,0,101.5
TRMPSMI,CODE,트라마펜세미정,805,0,0,0,0,805
TRMP,CODE,트라마펜정,1609,0,0,0,0,1609
,NOCODE,트라우밀정,0,0,0,0,0,0
TRJTDO,CODE,트라젠타듀오2.5/500mg,0,0,0,0,0,0
TRAJETDU85,CODE,트라젠타듀오2.5/850mg,0,0,0,0,0,0
TRJTT,CODE,트라젠타정5mg,0,0,0,0,0,0
TRST,CODE,트레스탄캡슐,412,0,0,0,0,412
,NOCODE,트렌탈서방정400,0,0,0,0,0,0
TUC80/5,CODE,트루셋정80/5/12.5mg,0,0,0,0,0,0
TRTR4,CODE,트루테라정4mg,132,0,0,0,0,132
TRPST4,CODE,트루패스정4mg,0,0,0,0,0,0
,NOCODE,트리렙탈필름코팅정600mg,0,0,0,0,0,0
TRLTSS,CODE,트리렙탈현탁액6%100mL,892,0,0,0,0,892
TRTC2,CODE,트리테이스정2.5mg,160,0,0,0,0,160
TRITACE5,CODE,트리테이스정5mg,300,0,0,0,0,300
,NOCODE,트리티코25mg,0,0,0,0,0,0
,NOCODE,트리티코50mg,0,0,0,0,0,0
TRIHX,CODE,트리헥신정,0,0,0,0,0,0
TRPR,CODE,티로프람정,0,0,0,0,0,0
TRPT,CODE,티로핀정,2126,0,0,0,0,2126
TZRD1,CODE,티자리드정1mg,0,0,0,0,0,0
,NOCODE,파로세닌정20mg,0,0,0,0,0,0
PCCCM,CODE,파마탄산칼슘정,299,0,0,0,0,299
FMT20,CODE,파모텍스정20mg,0,0,0,0,0,0
PAMO,CODE,파모텐정20mg,1969,0,0,0,0,1969
,NOCODE,파이콤파2mg,0,0,0,0,0,0
,NOCODE,파이콤파4mg,0,0,0,0,0,0
SPKN0.25,CODE,파키놀정0.25mg,230,0,0,0,0,230
SPAKINOL1,CODE,파키놀정1mg,0,0,0,0,0,0
,NOCODE,팍스로비드,0,0,0,0,0,0
SPXLCR12,CODE,팍실CR정12.5mg,25,0,0,0,0,25
,NOCODE,판토라인정20mg,0,0,0,0,0,0
PTK20,CODE,판토케이정20mg,154,0,0,0,0,154
PLD2,CODE,팔로델정,26,0,0,0,0,26
PSR250,CODE,팜시론정,85,0,0,0,0,85
,NOCODE,팜크린정250mg,0,0,0,0,0,0
,NOCODE,팜톡연질캡슐10mg,0,0,0,0,0,0
,NOCODE,퍼킨씨알정정50-200mg,0,0,0,0,0,0
PKNT,CODE,퍼킨정25-100mg,1184,0,0,0,0,1184
PKNT22,CODE,퍼킨정25-250mg,713,0,0,0,0,713
FNR,CODE,페노렌캡슐200mg,0,0,0,0,0,0
PND,CODE,페니드정10mg,167.5,0,0,0,0,167.5
PNRM,CODE,페니라민정2mg,3092,0,0,0,0,3092
,NOCODE,페리돌정1.5mg,0,0,0,0,0,0
FEBURIC40,CODE,페브릭정40mg,122.5,0,0,0,0,122.5
,NOCODE,페브릭정80mg,0,0,0,0,0,0
PYR500,CODE,페이론캡슐500mg,0,0,0,0,0,0
PILS,CODE,페인리스서방정,500,0,0,0,0,500
PILSSM,CODE,페인리스세미서방정,392,0,0,0,0,392
FXNDT,CODE,펙소나딘정180mg,1524,0,0,0,0,1524
FLT10,CODE,펠로정10mg,933,0,0,0,0,933
FL5,CODE,펠로정5mg,1144,0,0,0,0,1144
PTZ20,CODE,펩타졸정20mg,0,0,0,0,0,0
PLBTS,CODE,포리부틴서방정,491,0,0,0,0,491
PLBT10,CODE,포리부틴정100mg,1909,0,0,0,0,1909
,NOCODE,포시가정10mg/답플로정으로변경,0,0,0,0,0,0
,NOCODE,폭세틴캅셀10mg,0,0,0,0,0,0
FLX4,CODE,폴락스산4g,81,0,0,0,0,81
PLC,CODE,폴리콜정,1678,0,0,0,0,1678
FRC,CODE,푸라칸정150mg,0,0,0,0,0,0
FRN150,CODE,푸로날정150mg,142,0,0,0,0,142
FUMT,CODE,푸마티펜정,292,0,0,0,0,292
PRDXC11,CODE,프라닥사캡슐110mg,66,0,0,0,0,66
PRDXC15,CODE,프라닥사캡슐150mg,0,0,0,0,0,0
SPRVIXNT,CODE,프라빅센정,1110,0,0,0,0,1110
,NOCODE,프레갈캡슐150mg,0,0,0,0,0,0
PRRC150,CODE,프레리카캡슐150mg,0,0,0,0,0,0
,NOCODE,프레리카캡슐75mg,0,0,0,0,0,0
PRBL3,CODE,프레발린캡슐300mg,0,0,0,0,0,0
,NOCODE,프레탈정100mg,0,0,0,0,0,0
,NOCODE,프로나드정5mg,0,0,0,0,0,0
,NOCODE,프로베라정10mg,0,0,0,0,0,0
PRVT,CODE,프로베정,0,0,0,0,0,0
SPRCRLAN5,CODE,프로코라란정5mg,108,0,0,0,0,108
PROFN3,CODE,프로페논정300mg,475,0,0,0,0,475
PRUCALO,CODE,프루칼로정2mg,0,0,0,0,0,0
PRIVITUSS,CODE,프리비투스현탁액,0,0,0,0,0,0
,NOCODE,프리솔론정,0,0,0,0,0,0
FLG10,CODE,플로가정10mg,1131,0,0,0,0,1131
,NOCODE,플루테칸정150mg,0,0,0,0,0,0
FNF,CODE,피나스테아정5mg,487,0,0,0,0,487
PMSRSPRD05,CODE,피엠에스리스페리돈정0.5mg,721,0,0,0,0,721
PMSPRBL3,CODE,피엠에스프레가발린캡슐300mg,133,0,0,0,0,133
POD15,CODE,피오딘정,0,0,0,0,0,0
PKMEZ,CODE,피케이멜즈정,435.5,0,0,0,0,435.5
PTST2,CODE,피타스틴정2mg,600,0,0,0,0,600
,NOCODE,하이그로톤정25mg,0,0,0,0,0,0
HINC,CODE,하이네콜정,0,0,0,0,0,0
SHYDN10,CODE,하이도네정10mg,0,0,0,0,0,0
HYDN5,CODE,하이도네정5mg,0,0,0,0,0,0
,NOCODE,하이라제정/사용저조로 인해 폐기,0,0,0,0,0,0
HIST,CODE,하이스탈정,0,0,0,0,0,0
,NOCODE,하이페질정10mg,0,0,0,0,0,0
,NOCODE,하이페질정5mg,0,0,0,0,0,0
HMAMGT,CODE,한미알마게이트정500mg,805,0,0,0,0,805
HMTSOD,CODE,한미탐스오디정0.2mg,932,0,0,0,0,932
,NOCODE,한미펠로디핀지속정5mg/사용량저조폐기,0,0,0,0,0,0
SPRD5,CODE,한올세프라딘수화물캡슐500mg,112,0,0,0,0,112
HALOXIN100,CODE,할록신정100mg,0,0,0,0,0,0
HLX200,CODE,할록신정200mg,0,0,0,0,0,0
HRB,CODE,헤르벤서방정90mg,164,0,0,0,0,164
HRB30,CODE,헤르벤정30mg,347,0,0,0,0,347
,NOCODE,현대발사르탄정160mg,0,0,0,0,0,0
,NOCODE,현대발사르탄정80mg,0,0,0,0,0,0
,NOCODE,현대클로피도그렐정75mg,0,0,0,0,0,0
SHDTSLSHCP,CODE,현대탐스로신염삼염캡슐,0,0,0,0,0,0
TNM25,CODE,현대테놀민정25mg,185,0,0,0,0,185
TNM5,CODE,현대테놀민정50mg,891,0,0,0,0,891
PRGBL25,CODE,현대프레가발린정25mg,765.5,0,0,0,0,765.5
GLDC,CODE,환인그란닥신정50mg,0,0,0,0,0,0
,NOCODE,환인벤즈트로핀정1mg,0,0,0,0,0,0
WIACPRST,CODE,환인아캄프로세이트정,766,0,0,0,0,766
,NOCODE,환인염산이미프라민염산염25mg,0,0,0,0,0,0
HDTON,CODE,환인히단토인정100mg,52.25,0,0,0,0,52.25
FLSN,CODE,후라시닐정,827,0,0,0,0,827
,NOCODE,후루덱스서방정,0,0,0,0,0,0
FERRUMKID,CODE,훼럼키드액60,0,0,0,0,0,0
FRB-U,CODE,훼로바유서방정,6400,0,0,0,0,6400
10DWN5,CODE,대한10%포도당주사액500mL,18,0,0,0,0,18
20DW20,CODE,대한20%포도당주사액20mL(앰플),50,0,0,0,0,50
5DSS5,CODE,대한5%포도당가생리식염액500mL,28,0,0,0,0,28
7DSKNA,CODE,대한5%포도당가칼륨나트륨주3호500mL,47,0,0,0,0,47
5D/W10,CODE,대한5%포도당주사액1000mL,11,0,0,0,0,11
5DW500,CODE,대한5%포도당주사액500mL,20,0,0,0,0,20
50%DW100,CODE,대한50%포도당주100mL/병(PP),5,0,0,0,0,5
7NS1,CODE,대한멸균생리식염수1000mL,29,0,0,0,0,29
NSS5,CODE,대한멸균생리식염수500mL,73,0,0,0,0,73
,NOCODE,대한멸균생리식염수100ml/20개(PP),0,0,0,0,0,0
7DW1000,CODE,대한멸균증류수1000mL,10,0,0,0,0,10
NS20,CODE,중외생리식염주사액20mL(앰플),1240,0,0,0,0,1240
7GLCCACL,CODE,제이더블유중외제약글루콘산칼슘주사액20mL(앰플),42,0,0,0,0,42
JW500,CODE,중외0.45%염화나트륨주사액500mL,15,0,0,0,0,15
NS1,CODE,중외엔에스주사액100mL,486,0,0,0,0,486
NS2,CODE,중외엔에스주사액100ml(PP),0,0,0,0,0,0
HATM500,CODE,하트만덱스액500mL,23,0,0,0,0,23
HW20,CODE,휴온스주사용수20mL(앰플),100,0,0,0,0,100
7LENEC,CODE,라이넥주2mL,222,0,0,0,0,222
RV,CODE,리브솔주250mL,23,0,0,0,0,23
7MGGR*,CODE,메가그린주20mL,121,0,0,0,0,121
7MGNS*,CODE,메가네슘주10%(20mL),71,0,0,0,0,71
7MGVTSX*,CODE,메가비타식스주1mL,64,0,0,0,0,64
2002,CODE,안타솔주250mL,22,0,0,0,0,22
YZTNA560,CODE,와이즈티엔에이페리주560mL,19,0,0,0,0,19
7WNFPR10,CODE,위너프페리주1085mL,21,0,0,0,0,21
7GCBBON*,CODE,지씨비본주2mL,77,0,0,0,0,77
7GCVTOT*,CODE,지씨비타일이주2mL,112,0,0,0,0,112
7GCTTO*,CODE,지씨타치온주600mg,18,0,0,0,0,18
7FRSTM*,CODE,푸르설타민주10mL,78,0,0,0,0,78
7HSPG*,CODE,히시파겐씨주20mL,45,0,0,0,0,45
GTRCCR,CODE,겐트리손크림 20g,0,0,0,0,0,0
VASELLIN,CODE,구미백색바셀린450g,1,0,0,0,0,1
ACLVCR,CODE,국제아시클로버크림5g,6,0,0,0,0,6
NIDC20,CODE,나이드크림,0,0,0,0,0,0
NSNXNSSRY,CODE,나조넥스나잘스프레이140회,4,0,0,0,0,4
NATESTO,CODE,나테스토나잘겔,0,0,0,0,0,0
NESP,CODE,네스프프리필드시린지30,0,0,0,0,0,0
NBPRXSOL,CODE,노비프록스액100g,4,0,0,0,0,4
NSPPT10,CODE,노스판패취10μg/h,0,0,0,0,0,0
NSPPT20,CODE,노스판패취20μg/h,0,0,0,0,0,0
NSPPT5,CODE,노스판패취5㎍/h,5,0,0,0,0,5
NZRSOL2,CODE,니조랄2%액100ml,0,0,0,0,0,0
DIPTCR,CODE,다이펜탈크림20g,4,0,0,0,0,4
DMTSNL,CODE,더마톱액0.25%20ml,0,0,0,0,0,0
DMTOG,CODE,더마톱연고0.25%(10g),3,0,0,0,0,3
DMVTSOL,CODE,더모베이트액25ml,3,0,0,0,0,3
,NOCODE,더모베이트연고,0,0,0,0,0,0
DMFIXCM3,CODE,더모픽스크림30g,2,0,0,0,0,2
DSN005,CODE,데소나로션0.05%(110g),6,0,0,0,0,6
,NOCODE,데소나비액10ml,0,0,0,0,0,0
DSWONON,CODE,데스원로션0.0.5% 110ml,0,0,0,0,0,0
,NOCODE,데옥손로오숀0.25%,0,0,0,0,0,0
DCLXSU,CODE,둘코락스좌약,474,0,0,0,0,474
DRTSONIT,CODE,듀라티얼즈안연고3.5g,5,0,0,0,0,5
SDRGSDTNSP12,CODE,듀로제식디트랜스12μg/5.25 ★,0,0,0,0,0,0
,NOCODE,듀로제식디트랜스패취50μg/h ★마약/7.5입고,0,0,0,0,0,0
DGTDR,CODE,디겐타점안액5mL,2,0,0,0,0,2
DQASED,CODE,디쿠아스점안액3% 5ml,0,0,0,0,0,0
CMT40,CODE,라이트올론점안액0.1%(6mL),9,0,0,0,0,9
SLTFLEYE,CODE,라이트플론티점안액6mL,4,0,0,0,0,4
LITEHA,CODE,라이트히알점안액0.1%(6mL),12,0,0,0,0,12
LTCRZMGLN,CODE,락티케어제마지스20g,1,0,0,0,0,1
LACTZM60,CODE,락티케어제마지스로션0.25%(60g),2,0,0,0,0,2
RBEED,CODE,레바아이점안액2%(1회용),130,0,0,0,0,130
,NOCODE,레보스타점안액,0,0,0,0,0,0
RSTSEDP,CODE,레스타시스점안액0.05%(1회용),30,0,0,0,0,30
LCRNL,CODE,로세릴네일라카3mL,4,0,0,0,0,4
RSDGL5,CODE,로시덴겔50g,33,0,0,0,0,33
RNVTNS,CODE,리노벤트비액15ml,0,0,0,0,0,0
RIVAPC5,CODE,리바그민패취5/30매,0,0,0,0,0,0
,NOCODE,리셀톤패취5,0,0,0,0,0,0
,NOCODE,리포직이디오점안겔/생산중단,0,0,0,0,0,0
RPGG,CODE,리포직점안겔,4,0,0,0,0,4
MXDXEYE,CODE,맥시덱스점안액 5ml,0,0,0,0,0,0
MJNCR,CODE,무조날크림15g,6,0,0,0,0,6
MUECONA5,CODE,뮤코나액5mL,312,0,0,0,0,312
,NOCODE,뮤코나액4ml,0,0,0,0,0,0
VIGELC105,CODE,바이겔크림,0,0,0,0,0,0
VHVRSPM,CODE,바헬바레스피맷_(60회)(다회용),1,0,0,0,0,1
VHVRSPMR,CODE,바헬바레스피맷_(60회)(리필용),1,0,0,0,0,1
,NOCODE,박테로신연고,0,0,0,0,0,0
BTR15,CODE,박트란연고15g,44,0,0,0,0,44
VGG,CODE,버간점안겔5g,0,0,0,0,0,0
,NOCODE,베아로반연고,0,0,0,0,0,0
BTB15,CODE,베타베이트연고,0,0,0,0,0,0
,NOCODE,벤토린네뷸2.5mg,0,0,0,0,0,0
VTLEV,CODE,벤토린에보할러,4,0,0,0,0,4
BRN5,CODE,브로낙점안액5mL,2,0,0,0,0,2
BRDT,CODE,브리딘티점안액0.15%(5mL),7,0,0,0,0,7
VGMOXEDR,CODE,비가목스점안액0.5% 5ml,0,0,0,0,0,0
BPT30,CODE,비판텐연고,0,0,0,0,0,0
GRUNEY,CODE,산텐가리유니점안액5mL,5,0,0,0,0,5
SBT,CODE,살부톨흡입액,908,0,0,0,0,908
LDMX6,CODE,삼아리도멕스로션60g,3,0,0,0,0,3
TANTAUM1,CODE,삼아탄툼액100mL,14,0,0,0,0,14
CTRPER,CODE,세트락살플러스점이액_,0,0,0,0,0,0
,NOCODE,수란트라크림1%,0,0,0,0,0,0
,NOCODE,스타그민패취10mg,0,0,0,0,0,0
SMZCR,CODE,실마진1%크림500g,1,0,0,0,0,1
,NOCODE,씨프로신에이치씨점이현탁액7ml,0,0,0,0,0,0
ANR62.5,CODE,아노로62.5엘립타750mg,0,0,0,0,0,0
ADVTOINT,CODE,아드반탄연고15g,3,0,0,0,0,3
AVENTRO,CODE,아벤트로흡입액,0,0,0,0,0,0
ACRSC20,CODE,아크라손크림,0,0,0,0,0,0
ATROVENT,CODE,아트로벤트흡입액유디비2mL,396,0,0,0,0,396
ALPTD-EV,CODE,알레파타딘점안액5ml,0,0,0,0,0,0
ALVESCO,CODE,알베스코흡입제160,4,0,0,0,0,4
APGPEYD,CODE,알파간피점안액0.15% 5ml,0,0,0,0,0,0
,NOCODE,알파간피점안액0.15% 5ml/브리딘티 변경,0,0,0,0,0,0
,NOCODE,에스로반연고10g,0,0,0,0,0,0
ESPSON,CODE,에스파손로션0.25%(20mL),5,0,0,0,0,5
EFXERS,CODE,에펙신이용액5mL,5,0,0,0,0,5
EXLPC10,CODE,엑셀론패취10/18mg,0,0,0,0,0,0
EXLPC5,CODE,엑셀론패취5/9mg,0,0,0,0,0,0
ELZED,CODE,엘라좁점안현탁액6mL,3,0,0,0,0,3
ELPLC,CODE,엘린플러스크림20g,3,0,0,0,0,3
EMLA5CREM,CODE,엠라5%크림5g,0,0,0,0,0,0
ORMDON,CODE,오라메디연고,7,0,0,0,0,7
OMCKECM,CODE,오메크린크림,15,0,0,0,0,15
OCRCONIT,CODE,오큐라신안연고5g,3,0,0,0,0,3
OCFLXEO5,CODE,오큐프록스안연고5g,11,0,0,0,0,11
OKLEY,CODE,오클점안액5ml,0,0,0,0,0,0
,NOCODE,옴나리스나잘스프레이120회,0,0,0,0,0,0
OPTGTEY,CODE,옵타젠트점안액10mL,4,0,0,0,0,4
URCON,CODE,유락신연고50g,10,0,0,0,0,10
,NOCODE,이소켓스프레이15ml/24.05.11삭제예정,0,0,0,0,0,0
IZB03,CODE,이즈바점안액0.003%(2.5mL),2,0,0,0,0,2
GVS,CODE,지노베타딘질좌제,23,0,0,0,0,23
KNMAZOVG10,CODE,카네마졸질정100mg,13,0,0,0,0,13
,NOCODE,카이닉스점안액,0,0,0,0,0,0
CCBT30,CODE,칼시베타연고30g,2,0,0,0,0,2
KTCL,CODE,케토크린플라스타(10X7㎠),336,0,0,0,0,336
,NOCODE,케토톱플라스타,0,0,0,0,0,0
CSSOP,CODE,코솝-에스점안액0.2mL(1회용),114,0,0,0,0,114
COSOEDR,CODE,코솝점안액5mL,3,0,0,0,0,3
QNVDEY,CODE,퀴노비드점안액5mL,12,0,0,0,0,12
CURELEN,CODE,큐아렌점안액10mL,1,0,0,0,0,1
D0562,CODE,큐앤큐바셀린윤나거즈,160,0,0,0,0,160
CRVTEY,CODE,크라비트점안액0.5%,8,0,0,0,0,8
CRAVTSOL,CODE,크라비트점안액1.5% 5ml,0,0,0,0,0,0
,NOCODE,클로르헥시딘액0.12% 100ml,0,0,0,0,0,0
TBRDEXEYE,CODE,토브라덱스점안액5mL,8,0,0,0,0,8
STRVCOTCM1,CODE,트라보코트크림15g,2,0,0,0,0,2
TRNC30,CODE,트로나인크림30g,25,0,0,0,0,25
PLGVAG,CODE,포리진질연질캡슐,0,0,0,0,0,0
,NOCODE,포스터100/6에이치에프에이120회,0,0,0,0,0,0
,NOCODE,풀미칸분무용현탁액,0,0,0,0,0,0
PLMCTRS,CODE,풀미코트레스퓰분무용현탁액0.5mg(mL),130,0,0,0,0,130
FUCRENLLQR,CODE,풀케어네일라카3.3ml,0,0,0,0,0,0
,NOCODE,프레드포르테점안액 5ml,0,0,0,0,0,0
URACR,CODE,한미유리아크림200mg(20g),8,0,0,0,0,8
HRPCIDEO,CODE,헤르페시드안연고3.5g,2,0,0,0,0,2
HMRX-CR,CODE,헤모렉스크림35g,4,0,0,0,0,4
HXMDSOL,CODE,헥사메딘액0.12%(100mL),14,0,0,0,0,14
,NOCODE,호쿠날린패취1mg/70s,0,0,0,0,0,0
FMLED5,CODE,후메론점안액5ml,0,0,0,0,0,0
HYALMAX015,CODE,히아루론맥스점안액0.15%(5mL),29,0,0,0,0,29
HYALMAX0.5,CODE,히아루론맥스점안액0.15%,0,0,0,0,0,0
HYALREY,CODE,히아루론점안액5ml,0,0,0,0,0,0
D0520,CODE,메디폼친수성드레싱10x10x5mm,50,0,0,0,0,50
BOSOMI,CODE,보소미 연고20g,12,0,0,0,0,12
EGFSP,CODE,이지에프외용액0.005%10mL,37,0,0,0,0,37
20006,CODE,티크앤이지227g,22,0,0,0,0,22
KJCEFT1,CODE,국제세프트리악손나트륨수화물주1g,44,0,0,0,0,44
KJCEFT2,CODE,국제세프트리악손나트륨수화물주2g,177,0,0,0,0,177
GRS300,CODE,그라신300프리필드시린지주0.7mL,8,0,0,0,0,8
NBT150,CODE,나보타주150unit,2,0,0,0,0,2
NBT50,CODE,나보타주50unit,0,0,0,0,0,0
,NOCODE,넥시움주,0,0,0,0,0,0
NRP10,CODE,노르핀주10mL,18,0,0,0,0,18
,NOCODE,노보래피드주100단위,0,0,0,0,0,0
7NVRPD,CODE,노보래피드플렉스펜주,0,0,0,0,0,0
,NOCODE,노보믹스30플렉스펜주100단위/mL,0,0,0,0,0,0
20ALB1,CODE,녹십자-알부민주20%,3,0,0,0,0,3
D0432,CODE,대한멸균생리식염수100ml/20개,0,0,0,0,0,0
D0433,CODE,대한멸균생리식염수100ml/50개,0,0,0,0,0,0
D0434,CODE,대한멸균생리식염수20ml/50pp,0,0,0,0,0,0
DH20,CODE,대한멸균증류수20ml,150,0,0,0,0,150
7ATRP,CODE,대한아트로핀황산염주사액1mL,30,0,0,0,0,30
,NOCODE,대한에피네프린주사액/제일약품으로 변경,0,0,0,0,0,0
7NACLDH,CODE,대한염화나트륨40주사액(20mL),33,0,0,0,0,33
7PTSMCLDH,CODE,대한염화칼륨40(20mL),42,0,0,0,0,42
DNGJ,CODE,데노간주,63,0,0,0,0,63
,NOCODE,동광메로페넴주500mg,0,0,0,0,0,0
7LSX,CODE,라식스주사2mL,59,0,0,0,0,59
7LNTSS,CODE,란투스주솔로스타3mL,16,0,0,0,0,16
LVXJ100,CODE,레복스주,173,0,0,0,0,173
RBNN3,CODE,리보뉴앤주,10,0,0,0,0,10
MUJ25C,CODE,마운자로프리필드펜주2.5mg,0,0,0,0,0,0
7MPR,CODE,맥페란주사액2mL,29,0,0,0,0,29
MEPEM1,CODE,메펨주1g,254,0,0,0,0,254
MINOPAN,CODE,명문이노판주5mL,63,0,0,0,0,63
FLMN05,CODE,명문플루마제닐주0.5mg/플루닐주사대체,0,0,0,0,0,0
7HLPRD,CODE,명인할로페리돌주사1mL,8,0,0,0,0,8
MCRPRFD,CODE,미쎄라프리필드주150μg(0.3mL),1,0,0,0,0,1
,NOCODE,박씨그리프테트라주(인플루엔자분할백신)0.5 mL,0,0,0,0,0,0
,NOCODE,베클루리주,0,0,0,0,0,0
,NOCODE,보령세프트리악손주2g,0,0,0,0,0,0
7VTDB,CODE,본디업주1mL,3,0,0,0,0,3
,NOCODE,본비바주,0,0,0,0,0,0
,NOCODE,부광미다졸람주사5mg,0,0,0,0,0,0
,NOCODE,비씨디클로페낙나트륨주사,0,0,0,0,0,0
,NOCODE,비유피-4정 20mg,0,0,0,0,0,0
,NOCODE,비타민케이1주사액,0,0,0,0,0,0
7BCHX,CODE,삐콤헥사주2mL,65,0,0,0,0,65
,NOCODE,삭센다펜주6mg,0,0,0,0,0,0
7DAZP,CODE,삼진디아제팜주,0,0,0,0,0,0
NS250,CODE,생리식염키트주사100mL,72,0,0,0,0,72
CRBR10,CODE,세레브로리진주,0,0,0,0,0,0
,NOCODE,세파짐주1g,0,0,0,0,0,0
CFTZ1,CODE,세프타짐주1g,0,0,0,0,0,0
,NOCODE,스카이셀플루4가PFS 0.5ml_,0,0,0,0,0,0
,NOCODE,스카이셀플루4가PFS 0.5ml_,0,0,0,0,0,0
SKYZST1,CODE,스카이조스터주,2,0,0,0,0,2
7GTMC,CODE,신풍겐타마이신주80mg,0,0,0,0,0,0
,NOCODE,신풍디클로페낙나트륨주,0,0,0,0,0,0
,NOCODE,신풍로이솔주사액2ml,0,0,0,0,0,0
,NOCODE,신풍세프악손주,0,0,0,0,0,0
,NOCODE,신풍세프테졸나트륨주/생산중단,0,0,0,0,0,0
,NOCODE,신풍아미카신황산염250mg,0,0,0,0,0,0
,NOCODE,신풍트라마돌염산염주,0,0,0,0,0,0
,NOCODE,신풍파세타주,0,0,0,0,0,0
SGRX1,CODE,싱그릭스주[대상포진바이러스백신(유전자재조합)],8,0,0,0,0,8
ANCINJ,CODE,아나칼주,10,0,0,0,0,10
7ADNCR,CODE,아데노코주사,0,0,0,0,0,0
ALXJ,CODE,아록솔주2mL,710,0,0,0,0,710
ASKCJ,CODE,아스카신주2mL,540,0,0,0,0,540
7ATV2,CODE,아티반주사1mL,17,0,0,0,0,17
SAPDRSOL3,CODE,애피드라주솔로스타3mL,5.163,0,0,0,0,5.163
ESMCJ,CODE,에소마크주,10,0,0,0,0,10
,NOCODE,에스포젠프리필드주2000iu,0,0,0,0,0,0
EPRJ05,CODE,에포론주사액프리필드시린지2000IU,6,0,0,0,0,6
EPSIS,CODE,에포시스프리필드시린지주2000IU(0.5mL),6,0,0,0,0,6
7EPLAMI,CODE,에필람주,0,0,0,0,0,0
ENPBJ,CODE,엔피본주3ml,0,0,0,0,0,0
ASMD1,CODE,오스마돌주,0,0,0,0,0,0
AUSTA,CODE,오스타렌주2mL,49,0,0,0,0,49
WGV05C,CODE,위고비프리필드펜0.5mg,0,0,0,0,0,0
UNPRT45,CODE,유니페라탐주4.5g,0,0,0,0,0,0
YOODRON,CODE,유드론주3mL,5,0,0,0,0,5
,NOCODE,유영레보플록사신주250mg/미사용제약사반품,0,0,0,0,0,0
,NOCODE,유영레보플록사신주500mg,0,0,0,0,0,0
YCFTZ1,CODE,유영세프타지딤주1g,204,0,0,0,0,204
,NOCODE,유한메로펜주사0.5g,0,0,0,0,0,0
,NOCODE,유한쓰리챔버페리주561ml,0,0,0,0,0,0
7VCMYC,CODE,이노엔반코마이신염산염주1g,25.200000000000003,0,0,0,0,25.200000000000003
IVZ1,CODE,인반즈주1g,10,0,0,0,0,10
ZYVOX,CODE,자이복스주2mg(300mL),18,0,0,0,0,18
JWCPRFL,CODE,제이더블유생명시프로플록사신주0.4g(200mL),23,0,0,0,0,23
JLLDCI,CODE,제일리도카인주사액,7,0,0,0,0,7
7ATRPJL,CODE,제일아트로핀황산염주사액,0,0,0,0,0,0
EPNPR,CODE,제일에피네프린주사액1mL,54,0,0,0,0,54
,NOCODE,제일탄산수소나트륨주사액8.4%/폐기,0,0,0,0,0,0
,NOCODE,젠트리주1g,0,0,0,0,0,0
TETRA6,CODE,지씨플루프리필드시린지주/독감_어르신0.5ml,0,0,0,0,0,0
TETRA5,CODE,지씨플루프리필드시린지주/독감_지자체0.5ml,0,0,0,0,0,0
TT-FLU44,CODE,지씨플루프리필드시린지주PFS/독감_일반0.5ml,0,0,0,0,0,0
KAXJ2,CODE,케이악손주2g,0,0,0,0,0,0
KRSCFTR,CODE,코러스세프트리악손나트륨주1g,0,0,0,0,0,0
CMNTLP,CODE,코미나티엘피에이트원프리필드시린지0.3mL,7,0,0,0,0,7
,NOCODE,코미나티제이엔원주2.25ml/24년 코로나백신/모두사용,0,0,0,0,0,0
,NOCODE,코박스플루4가PF주0.5ml,0,0,0,0,0,0
COLIS,CODE,콜리스주,45,0,0,0,0,45
,NOCODE,크녹산주60mg/23.9.30,0,0,0,0,0,0
7CLMOXI,CODE,크라목신주0.6g,30,0,0,0,0,30
7CLMX,CODE,크라목신주1.2g,27,0,0,0,0,27
TABACTAM,CODE,타박탐주4.5g,267,0,0,0,0,267
TPC400,CODE,타포신주400mg,24,0,0,0,0,24
,NOCODE,투제오주솔로스타,0,0,0,0,0,0
TRSBFXTC1,CODE,트레시바플렉스터치주100단위3mL,12.841900000000003,0,0,0,0,12.841900000000003
TROL1,CODE,트롤주1mL,231.5,0,0,0,0,231.5
,NOCODE,트리암시놀론주사50mg,0,0,0,0,0,0
7TRM-TPI,CODE,트리암주,27,0,0,0,0,27
TRIZELE,CODE,트리젤주100mL(PP),20,0,0,0,0,20
7TIR,CODE,티램주3mL,50,0,0,0,0,50
PNRINJ15,CODE,파노린주사1mL,20,0,0,0,0,20
7PANTOLOC,CODE,판토록주사,21,0,0,0,0,21
,NOCODE,포스테오주2.4,0,0,0,0,0,0
,NOCODE,포폴주사12ml,0,0,0,0,0,0
PURAX,CODE,푸락스주1mL,50,0,0,0,0,50
PRDX23-6,CODE,프로디악스-23,10,0,0,0,0,10
PROLIA,CODE,프롤리아프리필드시린지1mL,4,0,0,0,0,4
PRVN13I,CODE,프리베나13주 단백접합백신,1,0,0,0,0,1
PRVN20PFS,CODE,프리베나20프리필드시린지,2,0,0,0,0,2
PREPENEM,CODE,프리페넴주500mg,93,0,0,0,0,93
,NOCODE,플루닐주사/플루마제닐주 대체,0,0,0,0,0,0
7FIASPFT,CODE,피아스프플렉스터치주100단위3mL,11.372,0,0,0,0,11.372
,NOCODE,하이알 원샷주,0,0,0,0,0,0
7HYALF,CODE,하이알포르테주2mL,3,0,0,0,0,3
,NOCODE,훌그램주사,0,0,0,0,0,0
HDXI,CODE,휴닥신주,4,0,0,0,0,4
SHMLGM25KP,CODE,휴마로그믹스25퀵펜주,0,0,0,0,0,0
7HUMLGIJ,CODE,휴마로그주100단위/mL,4,0,0,0,0,4
7HMLGKWPI,CODE,휴마로그퀵펜주100IU3mL,5,0,0,0,0,5
7DEXAMTS,CODE,휴메딕스덱사메타손포스페이트이나트륨주사1mL,67.5,0,0,0,0,67.5
7HMLR,CODE,휴물린알주100단위,2.642,0,0,0,0,2.642
7DOPA,CODE,휴온스도파민주사액,0,0,0,0,0,0
,NOCODE,휴온스비타디본주,0,0,0,0,0,0
7AMNPLH,CODE,휴온스아미노필린주사액10mL,25,0,0,0,0,25
7CLPNRM,CODE,휴온스클로르페니라민말레산염주사액2mL,89,0,0,0,0,89
